{
  "items": [
    {
      "id": "errorItem",
      "name": "Error Item"
    },
    {
      "id": "emptyCup",
      "name": "Empty Cup"
    },
    {
      "id": "waterCup",
      "name": "Water Cup"
    },
    {
      "id": "coffeeCup",
      "name": "Coffee Cup"
    },
    {
      "id": "crowbar",
      "name": "Crowbar"
    },
    {
      "id": "lockpick",
      "name": "Lockpick"
    },
    {
      "id": "bedroomKey",
      "name": "Bedroom Key"
    },
    {
      "id": "officeDrawerKey",
      "name": "Drawer Key"
    },
    {
      "id": "tape",
      "name": "Tape"
    }
  ]
}