{
  "itemSprites": [
    {
      "id": "items/errorItem",
      "sprite": "items/errorItem.png"
    },
    {
      "id": "items/emptyCup",
      "sprite": "items/emptyCup.png"
    },
    {
      "id": "items/waterCup",
      "sprite": "items/waterCup.png"
    },
    {
      "id": "items/coffeeCup",
      "sprite": "items/coffeeCup.png"
    },
    {
      "id": "items/lockpick",
      "sprite": "items/lockpick.png"
    },
    {
      "id": "items/crowbar",
      "sprite": "items/crowbar.png"
    },
    {
      "id": "items/bedroomKey",
      "sprite": "items/bedroomKey.png"
    },
    {
      "id": "items/officeDrawerKey",
      "sprite": "items/bedroomKey.png"
    },
    {
      "id": "items/tape",
      "sprite": "items/tape.png"
    }
  ],
  "sceneSprites": [
    {
      "id": "scene/hallwayMin",
      "sprite": "Hallway/hallwayMin.png"
    },{
      "id": "scene/hallwayMed",
      "sprite": "Hallway/hallwayMed.png"
    },{
      "id": "scene/hallwayMax",
      "sprite": "Hallway/hallwayMax.png"
    },
    {
      "id": "scene/hallwayCodeLockedOverlay",
      "sprite": "Hallway/hallwayCodeLockedOverlay.png"
    },
    {
      "id": "scene/hallwayCodeUnlockedOverlay",
      "sprite": "Hallway/hallwayCodeUnlockedOverlay.png"
    },
    {
      "id": "scene/bedroomMain",
      "sprite": "Bedroom/bedroomBedDown.png"
    },
    {
      "id": "scene/bedroomBedController",
      "sprite": "Bedroom/bedroomBedController.png"
    },
    {
      "id": "scene/bedroomBedControllerBedLifted",
      "sprite": "Bedroom/bedroomBedControllerBedLifted.png"
    },
    {
      "id": "scene/bedroomBedLifted",
      "sprite": "Bedroom/bedroomBedUp.png"
    },
    {
      "id": "scene/bedroomDesk",
      "sprite": "Bedroom/bedroomDeskDrawerClosed.png"
    },
    {
      "id": "scene/bedroomDeskDrawerOpen",
      "sprite": "Bedroom/bedroomDeskDrawerOpen.png"
    },
    {
      "id": "scene/bedroomDeskDrawerEmpty",
      "sprite": "Bedroom/bedroomDeskDrawerEmpty.png"
    },
    {
      "id": "scene/bedroomOpenDoor",
      "sprite": "Bedroom/bedroomDoorOpen.png"
    },
    {
      "id": "scene/bedroomClock",
      "sprite": "Bedroom/bedroomClockActive.png"
    },
    {
      "id": "scene/bedroomClockFallen",
      "sprite": "Bedroom/bedroomClockFallen.png"
    },
    {
      "id": "scene/bedroomClockEmpty",
      "sprite": "Bedroom/bedroomClockEmpty.png"
    },
    {
      "id": "scene/officeHeadClosed",
      "sprite": "DoctorOffice/officeHeadClosed.png"
    },
    {
      "id": "scene/officeHeadOpenKey",
      "sprite": "DoctorOffice/officeHeadOpenKey.png"
    },
    {
      "id": "scene/officeHeadOpenNoKey",
      "sprite": "DoctorOffice/officeHeadOpenNoKey.png"
    },
    {
      "id": "scene/officeHeadClosedOverlay",
      "sprite": "DoctorOffice/officeHeadClosedOverlay.png"
    },
    {
      "id": "scene/officeHeadOpenKeyOverlay",
      "sprite": "DoctorOffice/officeHeadOpenKeyOverlay.png"
    },
    {
      "id": "scene/officeHeadOpenNoKeyOverlay",
      "sprite": "DoctorOffice/officeHeadOpenNoKeyOverlay.png"
    },
    {
      "id": "scene/officeDrawerOpenOverlay",
      "sprite": "DoctorOffice/officeDrawerOpenOverlay.png"
    },
    {
      "id": "scene/officePasswordNoteOverlay",
      "sprite": "DoctorOffice/officePasswordNoteOverlay.png"
    },
    {
      "id": "scene/officeComputerOverlay",
      "sprite": "DoctorOffice/officeComputerOverlay.png"
    },
    {
      "id": "scene/wrBgCableBroken",
      "sprite": "WaitingRoom/wrBgCableBroken.png"
    },
    {
      "id": "scene/wrBgCableFixed",
      "sprite": "WaitingRoom/wrBgCableFixed.png"
    },
    {
      "id": "scene/cabinetCrowbarTaken",
      "sprite": "WaitingRoom/cabinetCrowbarTaken.png"
    },
    {
      "id": "scene/cabinetLocked",
      "sprite": "WaitingRoom/cabinetLocked.png"
    },
    {
      "id": "scene/cabinetUnlocked",
      "sprite": "WaitingRoom/cabinetUnlocked.png"
    },
    {
      "id": "scene/cmCode",
      "sprite": "WaitingRoom/cmCode.png"
    },
    {
      "id": "scene/cmCoffee",
      "sprite": "WaitingRoom/cmCoffee.png"
    },
    {
      "id": "scene/cmEmptyNoPower",
      "sprite": "WaitingRoom/cmEmptyNoPower.png"
    },
    {
      "id": "scene/cmEmptyPower",
      "sprite": "WaitingRoom/cmEmptyPower.png"
    },
    {
      "id": "scene/cmWater",
      "sprite": "WaitingRoom/cmWater.png"
    },
    {
      "id": "scene/tableClosed",
      "sprite": "WaitingRoom/tableClosed.png"
    },
    {
      "id": "scene/tableEmpty",
      "sprite": "WaitingRoom/tableEmpty.png"
    },
    {
      "id": "scene/tableOpen",
      "sprite": "WaitingRoom/tableOpen.png"
    },
    {
      "id": "scene/wrChairs",
      "sprite": "WaitingRoom/wrChairs.png"
    },
    {
      "id": "scene/wrCup",
      "sprite": "WaitingRoom/wrCup.png"
    },
    {
      "id": "scene/wrHorse",
      "sprite": "WaitingRoom/wrHorse.png"
    },
    {
      "id": "scene/wrLockOverlay",
      "sprite": "WaitingRoom/wrLockOverlay.png"
    },
    {
      "id": "scene/wrSignOverlay",
      "sprite": "WaitingRoom/wrSignOverlay.png"
    },
    {
      "id": "scene/startScreen",
      "sprite": "startScreen.png"
    },
    {
      "id": "scene/loadingScreen",
      "sprite": "loadingScreen.png"
    },
    {
      "id": "scene/prologuePills",
      "sprite": "prologuePills.png"
    },
    {
      "id": "scene/prologueMonologue",
      "sprite": "prologueMonologue.png"
    },
    {
      "id": "scene/ending",
      "sprite": "ending.png"
    }
  ]
}